CNT,CNTSCHID,STRATUM,SUBNATIO,REGION,SC001Q01TA,SC002Q01TA_P,SC002Q02TA_P,SC003Q01TA,SC013Q01TA,W_NRASCHBWT
ARG,03200001,ARG01,0320100,03201,5.0,52.0,48.0,9.0,1.0,3.1412732919
ARG,03200002,ARG03,0320000,03200,3.0,54.0,46.0,9.0,1.0,28.573639886
ARG,03200003,ARG20,0320300,03203,4.0,47.0,53.0,9.0,2.0,3.434375
ARG,03200004,ARG02,0320100,03201,5.0,40.0,60.0,6.0,2.0,9.1365854545
ARG,03200005,ARG20,0320300,03203,,,,,,9.8125
ARG,03200006,ARG08,0320200,03202,1.0,62.0,38.0,4.0,2.0,43.435485714
ARG,03200007,ARG03,0320000,03200,3.0,53.0,47.0,9.0,1.0,15.230289185
ARG,03200008,ARG07,0320200,03202,3.0,61.0,39.0,6.0,1.0,3.2528779279
ARG,03200009,ARG01,0320100,03201,5.0,60.0,40.0,3.0,1.0,14.048472222
ARG,03200010,ARG05,0320000,03200,4.0,48.0,52.0,9.0,1.0,59.906214795
ARG,03200011,ARG11,0320000,03200,3.0,40.0,60.0,9.0,1.0,83.824488571
ARG,03200012,ARG07,0320200,03202,3.0,52.0,48.0,9.0,1.0,5.7312611111
ARG,03200013,ARG05,0320000,03200,3.0,59.0,41.0,4.0,1.0,40.787210073
ARG,03200014,ARG19,0320300,03203,1.0,48.0,52.0,3.0,1.0,4.2330546392
ARG,03200015,ARG01,0320100,03201,5.0,69.0,31.0,3.0,1.0,4.3598706897
ARG,03200016,ARG18,0320000,03200,3.0,51.0,49.0,7.0,2.0,75.555357143
ARG,03200017,ARG19,0320300,03203,2.0,51.0,49.0,7.0,1.0,8.5542979167
ARG,03200018,ARG08,0320200,03202,2.0,46.0,54.0,9.0,2.0,10.001592105
ARG,03200019,ARG19,0320300,03203,2.0,50.0,50.0,9.0,1.0,6.4157234375
ARG,03200020,ARG17,0320000,03200,,,,,,29.126135584
ARG,03200021,ARG07,0320200,03202,5.0,49.0,51.0,4.0,1.0,6.4750346881
ARG,03200022,ARG06,0320000,03200,,,,,,44.575730689
ARG,03200023,ARG01,0320100,03201,5.0,51.0,49.0,3.0,1.0,2.5803316327
ARG,03200024,ARG19,0320300,03203,5.0,41.0,59.0,5.0,1.0,1.7622587983
ARG,03200025,ARG09,0320000,03200,4.0,76.0,24.0,9.0,1.0,23.132666116
ARG,03200026,ARG20,0320300,03203,4.0,86.0,14.0,4.0,2.0,7.4931818182
ARG,03200027,ARG07,0320200,03202,5.0,,,9.0,1.0,9.7955652974
ARG,03200028,ARG18,0320000,03200,2.0,44.0,56.0,4.0,2.0,75.555357143
ARG,03200029,ARG19,0320300,03203,,,,,,3.311341129
ARG,03200030,ARG03,0320000,03200,4.0,49.0,51.0,9.0,1.0,35.481552826
ARG,03200031,ARG07,0320200,03202,2.0,50.0,50.0,3.0,1.0,15.364657447
ARG,03200032,ARG01,0320100,03201,5.0,73.0,27.0,5.0,1.0,2.1988913043
ARG,03200033,ARG19,0320300,03203,4.0,48.0,52.0,,1.0,4.0654089109
ARG,03200034,ARG03,0320000,03200,4.0,43.0,57.0,9.0,2.0,18.450407469
ARG,03200035,ARG05,0320000,03200,1.0,50.0,50.0,2.0,1.0,109.54279277
ARG,03200036,ARG16,0320000,03200,6.0,55.0,45.0,2.0,2.0,160.65714286
ARG,03200037,ARG07,0320200,03202,5.0,47.0,53.0,5.0,1.0,6.2627384689
ARG,03200038,ARG01,0320100,03201,,,,,,3.5868439716
ARG,03200039,ARG19,0320300,03203,,,,,,6.6226822581
ARG,03200040,ARG08,0320200,03202,3.0,45.0,55.0,7.0,2.0,6.1798455285
ARG,03200041,ARG02,0320100,03201,6.0,44.0,56.0,9.0,2.0,5.8431651163
ARG,03200042,ARG19,0320300,03203,4.0,42.0,58.0,9.0,1.0,1.993234466
ARG,03200043,ARG20,0320300,03203,4.0,41.0,59.0,9.0,2.0,3.4632352941
ARG,03200044,ARG13,0320000,03200,3.0,48.0,52.0,4.0,1.0,185.247448
ARG,03200045,ARG08,0320200,03202,5.0,98.0,2.0,9.0,2.0,7.7563367347
ARG,03200046,ARG02,0320100,03201,5.0,48.0,52.0,9.0,2.0,6.203854321
ARG,03200047,ARG12,0320000,03200,4.0,50.0,50.0,6.0,2.0,18.820153061
ARG,03200048,ARG02,0320100,03201,4.0,55.0,45.0,3.0,2.0,28.714982857
ARG,03200049,ARG03,0320000,03200,,,,,,37.986133025
ARG,03200050,ARG02,0320100,03201,5.0,48.0,52.0,5.0,2.0,2.9911440476
ARG,03200051,ARG09,0320000,03200,3.0,48.0,52.0,6.0,1.0,41.776904478
ARG,03200052,ARG01,0320100,03201,5.0,76.0,24.0,9.0,1.0,2.7788186813
ARG,03200053,ARG07,0320200,03202,2.0,47.0,53.0,9.0,1.0,20.63254
ARG,03200054,ARG02,0320100,03201,5.0,43.0,57.0,9.0,2.0,10.691748936
ARG,03200055,ARG11,0320000,03200,3.0,47.0,53.0,3.0,1.0,55.52780387
ARG,03200056,ARG02,0320100,03201,5.0,45.0,55.0,4.0,2.0,8.9734321429
ARG,03200057,ARG13,0320000,03200,4.0,50.0,50.0,5.0,1.0,57.889827501
ARG,03200058,ARG12,0320000,03200,4.0,58.0,42.0,1.0,2.0,79.044642857
ARG,03200059,ARG02,0320100,03201,5.0,55.0,45.0,3.0,2.0,9.6636961538
ARG,03200060,ARG07,0320200,03202,1.0,55.0,45.0,4.0,1.0,20.63254
ARG,03200061,ARG01,0320100,03201,,,,,,2.0642653061
ARG,03200062,ARG03,0320000,03200,3.0,37.0,63.0,4.0,1.0,65.894312391
ARG,03200063,ARG01,0320100,03201,5.0,48.0,53.0,3.0,1.0,3.1807861635
ARG,03200064,ARG01,0320100,03201,5.0,41.0,59.0,9.0,1.0,2.5414321608
ARG,03200065,ARG07,0320200,03202,2.0,46.0,54.0,6.0,1.0,10.31627
ARG,03200066,ARG11,0320000,03200,3.0,44.0,56.0,,1.0,32.283606901
ARG,03200067,ARG19,0320300,03203,,,,,,11.731608571
ARG,03200068,ARG05,0320000,03200,3.0,47.0,53.0,9.0,1.0,46.756070084
ARG,03200069,ARG01,0320100,03201,5.0,100.0,,9.0,1.0,3.0651212121
ARG,03200070,ARG07,0320200,03202,5.0,53.0,47.0,5.0,1.0,16.978979849
ARG,03200071,ARG19,0320300,03203,2.0,51.0,49.0,9.0,1.0,6.31702
ARG,03200072,ARG07,0320200,03202,5.0,47.0,53.0,4.0,1.0,9.7586337838
ARG,03200073,ARG06,0320000,03200,4.0,43.0,57.0,5.0,2.0,64.602508244
ARG,03200074,ARG19,0320300,03203,4.0,52.0,48.0,4.0,1.0,4.0654089109
ARG,03200075,ARG03,0320000,03200,4.0,45.0,55.0,9.0,1.0,29.896493585
ARG,03200076,ARG05,0320000,03200,4.0,51.0,49.0,4.0,1.0,95.849943671
ARG,03200077,ARG01,0320100,03201,5.0,65.0,35.0,9.0,1.0,3.1027300613
ARG,03200078,ARG08,0320200,03202,2.0,47.0,53.0,2.0,2.0,21.717742857
ARG,03200079,ARG09,0320000,03200,3.0,56.0,44.0,9.0,1.0,19.993232857
ARG,03200080,ARG03,0320000,03200,,,,,,42.484490884
ARG,03200081,ARG05,0320000,03200,3.0,46.0,54.0,5.0,1.0,50.447338774
ARG,03200082,ARG01,0320100,03201,5.0,58.0,42.0,4.0,1.0,4.2859745763
ARG,03200083,ARG07,0320200,03202,1.0,53.0,47.0,4.0,1.0,20.63254
ARG,03200084,ARG15,0320000,03200,2.0,54.0,46.0,,1.0,17.019117647
ARG,03200085,ARG11,0320000,03200,3.0,48.0,52.0,9.0,1.0,38.10204026
ARG,03200086,ARG08,0320200,03202,2.0,47.0,53.0,4.0,2.0,21.717742857
ARG,03200087,ARG02,0320100,03201,5.0,,,,2.0,7.5001820896
ARG,03200088,ARG09,0320000,03200,3.0,59.0,41.0,4.0,1.0,35.43104557
ARG,03200089,ARG12,0320000,03200,1.0,54.0,46.0,9.0,2.0,79.044642857
ARG,03200090,ARG07,0320200,03202,2.0,,,9.0,1.0,20.63254
ARG,03200091,ARG02,0320100,03201,,,,,,12.256395122
ARG,03200092,ARG19,0320300,03203,3.0,81.0,19.0,9.0,1.0,2.094930102
ARG,03200093,ARG03,0320000,03200,3.0,50.0,50.0,5.0,1.0,32.614356638
ARG,03200094,ARG03,0320000,03200,6.0,,,5.0,1.0,50.450332924
ARG,03200095,ARG19,0320300,03203,2.0,58.0,42.0,9.0,1.0,2.0530315
ARG,03200096,ARG02,0320100,03201,6.0,44.0,56.0,7.0,2.0,14.357491429
ARG,03200097,ARG13,0320000,03200,2.0,,,2.0,1.0,92.623724002
ARG,03200098,ARG13,0320000,03200,3.0,,,,1.0,18.847850814
ARG,03200099,ARG05,0320000,03200,3.0,58.0,42.0,9.0,1.0,34.854524971
ARG,03200100,ARG08,0320200,03202,5.0,51.0,49.0,9.0,2.0,10.412616438
ARG,03200101,ARG14,0320000,03200,3.0,42.0,58.0,9.0,2.0,30.356770536
ARG,03200102,ARG03,0320000,03200,2.0,50.0,50.0,5.0,1.0,58.705841948
ARG,03200103,ARG04,0320000,03200,,,,,,43.824092358
ARG,03200104,ARG20,0320300,03203,2.0,49.0,51.0,6.0,2.0,10.303125
ARG,03200105,ARG03,0320000,03200,5.0,93.0,7.0,9.0,1.0,31.046358723
ARG,03200106,ARG19,0320300,03203,4.0,50.0,50.0,5.0,1.0,2.9971262774
ARG,03200107,ARG13,0320000,03200,,,,,,24.013558075
ARG,03200108,ARG05,0320000,03200,3.0,79.0,21.0,4.0,1.0,43.078626369
ARG,03200109,ARG19,0320300,03203,3.0,47.0,53.0,9.0,1.0,4.7744918605
ARG,03200110,ARG11,0320000,03200,3.0,45.0,55.0,9.0,1.0,22.511271839
ARG,03200111,ARG19,0320300,03203,,,,,,3.1829945736
ARG,03200112,ARG19,0320300,03203,4.0,40.0,60.0,1.0,1.0,5.7831873239
ARG,03200113,ARG03,0320000,03200,,,,,,17.35925434
ARG,03200114,ARG02,0320100,03201,5.0,50.0,50.0,9.0,2.0,6.5261324675
ARG,03200115,ARG13,0320000,03200,2.0,,100.0,6.0,1.0,92.623724002
ARG,03200116,ARG03,0320000,03200,4.0,53.0,47.0,9.0,1.0,25.62556593
ARG,03200117,ARG08,0320200,03202,2.0,41.0,59.0,6.0,1.0,14.076314815
ARG,03200118,ARG11,0320000,03200,1.0,65.0,35.0,1.0,1.0,167.64897714
ARG,03200119,ARG19,0320300,03203,2.0,60.0,40.0,5.0,1.0,4.7744918605
ARG,03200120,ARG07,0320200,03202,6.0,100.0,,8.0,1.0,12.323453116
ARG,03200121,ARG05,0320000,03200,3.0,53.0,47.0,9.0,1.0,13.175249989
ARG,03200122,ARG17,0320000,03200,4.0,46.0,54.0,9.0,1.0,41.38977162
ARG,03200123,ARG09,0320000,03200,5.0,95.0,5.0,5.0,1.0,31.807415909
ARG,03200124,ARG03,0320000,03200,4.0,51.0,49.0,,1.0,40.871155787
ARG,03200125,ARG04,0320000,03200,3.0,52.0,48.0,9.0,2.0,64.85965669
ARG,03200126,ARG19,0320300,03203,4.0,48.0,52.0,9.0,1.0,6.8434383333
ARG,03200127,ARG13,0320000,03200,1.0,47.0,53.0,1.0,1.0,185.247448
ARG,03200128,ARG17,0320000,03200,1.0,61.0,39.0,2.0,1.0,359.49973064
ARG,03200129,ARG07,0320200,03202,5.0,45.0,55.0,4.0,1.0,3.1185881355
ARG,03200130,ARG05,0320000,03200,4.0,49.0,51.0,9.0,1.0,16.9645918
ARG,03200131,ARG04,0320000,03200,,,,,,22.365398859
ARG,03200132,ARG01,0320100,03201,,,,,,5.1085353535
ARG,03200133,ARG02,0320100,03201,5.0,44.0,56.0,6.0,2.0,4.6528907407
ARG,03200134,ARG03,0320000,03200,3.0,50.0,50.0,7.0,1.0,8.8703882065
ARG,03200135,ARG19,0320300,03203,3.0,47.0,53.0,9.0,1.0,1.6039308594
ARG,03200136,ARG13,0320000,03200,4.0,41.0,59.0,9.0,1.0,22.357450621
ARG,03200137,ARG11,0320000,03200,4.0,46.0,54.0,9.0,1.0,67.170730488
ARG,03200138,ARG11,0320000,03200,1.0,52.0,48.0,1.0,1.0,237.9763023
ARG,03200139,ARG02,0320100,03201,,,,,,4.9265901961
ARG,03200140,ARG06,0320000,03200,3.0,45.0,55.0,9.0,2.0,74.292884481
ARG,03200141,ARG04,0320000,03200,4.0,47.0,53.0,9.0,2.0,51.475918008
ARG,03200142,ARG01,0320100,03201,,,,,,4.7711792453
ARG,03200143,ARG08,0320200,03202,5.0,52.0,48.0,5.0,2.0,9.8717012987
ARG,03200144,ARG11,0320000,03200,3.0,53.0,47.0,7.0,1.0,99.156792625
ARG,03200145,ARG11,0320000,03200,4.0,47.0,53.0,9.0,1.0,25.393812745
ARG,03200146,ARG01,0320100,03201,5.0,48.0,52.0,4.0,1.0,5.880755814
ARG,03200147,ARG20,0320300,03203,4.0,47.0,53.0,9.0,2.0,11.775
ARG,03200148,ARG17,0320000,03200,2.0,52.0,48.0,4.0,2.0,62.912452862
ARG,03200149,ARG02,0320100,03201,,,,,,4.2949760684
ARG,03200150,ARG19,0320300,03203,1.0,52.0,48.0,4.0,1.0,11.731608571
ARG,03200151,ARG09,0320000,03200,5.0,45.0,55.0,8.0,1.0,49.106185965
ARG,03200152,ARG17,0320000,03200,4.0,40.0,60.0,9.0,1.0,21.997361141
ARG,03200153,ARG07,0320200,03202,4.0,67.0,33.0,4.0,1.0,4.3241850299
ARG,03200154,ARG17,0320000,03200,1.0,46.0,54.0,3.0,1.0,179.74986532
ARG,03200155,ARG15,0320000,03200,4.0,59.0,41.0,3.0,1.0,90.930714286
ARG,03200156,ARG01,0320100,03201,5.0,48.0,52.0,9.0,1.0,7.4374264706
ARG,03200157,ARG09,0320000,03200,3.0,46.0,54.0,9.0,1.0,16.465015294
ARG,03200158,ARG19,0320300,03203,3.0,41.0,59.0,9.0,1.0,2.7557469799
ARG,03200159,ARG20,0320300,03203,5.0,46.0,54.0,9.0,2.0,4.7921511628
ARG,03200160,ARG03,0320000,03200,4.0,48.0,52.0,9.0,1.0,47.482666282
ARG,03200161,ARG08,0320200,03202,2.0,56.0,44.0,9.0,2.0,21.717742857
ARG,03200162,ARG02,0320100,03201,,,,,,5.1805381443
ARG,03200163,ARG19,0320300,03203,4.0,36.0,64.0,5.0,1.0,1.1218751366
ARG,03200164,ARG19,0320300,03203,,,,,,3.0415281481
ARG,03200165,ARG01,0320100,03201,5.0,55.0,45.0,4.0,1.0,1.4166526611
ARG,03200166,ARG19,0320300,03203,2.0,39.0,61.0,4.0,1.0,5.8658042857
ARG,03200167,ARG07,0320200,03202,5.0,46.0,54.0,9.0,1.0,5.5366238638
ARG,03200168,ARG08,0320200,03202,5.0,49.0,51.0,7.0,2.0,9.2697682927
ARG,03200169,ARG07,0320200,03202,4.0,40.0,60.0,9.0,1.0,5.0553274263
ARG,03200170,ARG12,0320000,03200,3.0,50.0,50.0,9.0,2.0,56.460459184
ARG,03200171,ARG01,0320100,03201,5.0,56.0,44.0,4.0,1.0,4.6398623853
ARG,03200172,ARG01,0320100,03201,,,,,,4.1797107438
ARG,03200173,ARG02,0320100,03201,5.0,43.0,57.0,5.0,2.0,14.357491429
ARG,03200174,ARG10,0320000,03200,5.0,51.0,49.0,9.0,2.0,39.952743902
ARG,03200175,ARG03,0320000,03200,4.0,49.0,51.0,9.0,1.0,22.422370189
ARG,03200176,ARG07,0320200,03202,2.0,46.0,54.0,9.0,1.0,9.4858391033
ARG,03200177,ARG14,0320000,03200,4.0,42.0,58.0,9.0,2.0,28.571078151
ARG,03200178,ARG02,0320100,03201,,,,,,1.053484696
ARG,03200179,ARG19,0320300,03203,3.0,48.0,52.0,5.0,1.0,2.2315559783
ARG,03200180,ARG19,0320300,03203,4.0,42.0,58.0,9.0,1.0,4.3221715789
ARG,03200181,ARG02,0320100,03201,2.0,50.0,50.0,9.0,2.0,5.025122
ARG,03200182,ARG05,0320000,03200,,,,,,109.54279277
ARG,03200183,ARG12,0320000,03200,2.0,51.0,49.0,9.0,2.0,41.291977612
ARG,03200184,ARG09,0320000,03200,2.0,42.0,58.0,9.0,1.0,28.273258586
ARG,03200185,ARG03,0320000,03200,3.0,64.0,36.0,5.0,1.0,24.460767478
ARG,03200186,ARG08,0320200,03202,,,,,,7.60121
ARG,03200187,ARG19,0320300,03203,2.0,49.0,51.0,9.0,1.0,2.891593662
ARG,03200188,ARG08,0320200,03202,5.0,49.0,51.0,3.0,2.0,11.016246377
ARG,03200189,ARG11,0320000,03200,5.0,40.0,60.0,9.0,1.0,43.837739897
ARG,03200190,ARG02,0320100,03201,,,,,,4.1529933884
ARG,03200191,ARG11,0320000,03200,4.0,42.0,58.0,9.0,1.0,84.991536536
ARG,03200192,ARG02,0320100,03201,,,,,,9.6636961538
ARG,03200193,ARG07,0320200,03202,3.0,52.0,48.0,4.0,1.0,7.9645252848
ARG,03200194,ARG03,0320000,03200,2.0,55.0,45.0,5.0,1.0,14.038353509
ARG,03200195,ARG19,0320300,03203,3.0,59.0,41.0,1.0,1.0,46.926434286
ARG,03200196,ARG11,0320000,03200,3.0,46.0,54.0,9.0,1.0,28.721277864
ARG,03200197,ARG11,0320000,03200,2.0,65.0,35.0,,1.0,335.29795429
ARG,03200198,ARG07,0320200,03202,5.0,49.0,51.0,9.0,1.0,8.3961988264
ARG,03200199,ARG19,0320300,03203,4.0,45.0,55.0,5.0,1.0,2.3598063218
ARG,03200200,ARG08,0320200,03202,5.0,48.0,52.0,5.0,2.0,14.34190566
ARG,03200201,ARG15,0320000,03200,2.0,45.0,55.0,9.0,1.0,67.714361702
ARG,03200202,ARG05,0320000,03200,2.0,61.0,39.0,9.0,1.0,22.552927923
ARG,03200203,ARG20,0320300,03203,5.0,50.0,50.0,4.0,2.0,9.8125
ARG,03200204,ARG01,0320100,03201,,,,,,2.0898553719
ARG,03200205,ARG19,0320300,03203,,,,,,11.731608571
ARG,03200206,ARG03,0320000,03200,4.0,49.0,51.0,5.0,1.0,21.669941659
ARG,03200207,ARG18,0320000,03200,4.0,47.0,53.0,9.0,2.0,37.245598592
ARG,03200208,ARG13,0320000,03200,,,,,,32.418303401
ARG,03200209,ARG11,0320000,03200,1.0,48.0,52.0,6.0,1.0,167.64897714
ARG,03200210,ARG04,0320000,03200,4.0,49.0,51.0,5.0,2.0,32.429828345
ARG,03200211,ARG09,0320000,03200,1.0,39.0,61.0,6.0,1.0,79.972931429
ARG,03200212,ARG04,0320000,03200,4.0,56.0,44.0,4.0,2.0,55.913497147
ARG,03200213,ARG05,0320000,03200,,,,,,83.347777105
ARG,03200214,ARG07,0320200,03202,6.0,52.0,48.0,4.0,1.0,6.8219115464
ARG,03200215,ARG19,0320300,03203,,,,,,3.986468932
ARG,03200216,ARG02,0320100,03201,,,,,,6.8837287671
ARG,03200217,ARG10,0320000,03200,5.0,46.0,54.0,5.0,2.0,66.859693878
ARG,03200218,ARG03,0320000,03200,4.0,46.0,54.0,4.0,1.0,20.56574081
ARG,03200219,ARG04,0320000,03200,4.0,47.0,53.0,2.0,2.0,87.648184716
ARG,03200220,ARG19,0320300,03203,,,,,,2.9121014184
ARG,03200221,ARG02,0320100,03201,,,,,,14.357491429
ARG,03200222,ARG07,0320200,03202,3.0,62.0,38.0,4.0,1.0,5.9037739874
ARG,03200223,ARG19,0320300,03203,4.0,31.0,69.0,9.0,1.0,2.2194935135
ARG,03200224,ARG15,0320000,03200,3.0,54.0,46.0,9.0,1.0,75.775595238
ARG,03200225,ARG04,0320000,03200,4.0,50.0,50.0,9.0,2.0,30.027618838
ARG,03200226,ARG10,0320000,03200,5.0,45.0,55.0,3.0,2.0,93.603571429
ARG,03200227,ARG07,0320200,03202,2.0,57.0,43.0,9.0,1.0,21.830116949
ARG,03200228,ARG01,0320100,03201,,,,,,5.6825280899
ARG,03200229,ARG19,0320300,03203,4.0,43.0,57.0,9.0,1.0,1.6967202479
ARG,03200230,ARG20,0320300,03203,4.0,51.0,49.0,9.0,2.0,4.1628787879
ARG,03200231,ARG19,0320300,03203,4.0,73.0,27.0,9.0,1.0,2.5987740506
ARG,03200232,ARG01,0320100,03201,5.0,47.0,53.0,9.0,1.0,2.6340885417
ARG,03200233,ARG02,0320100,03201,4.0,48.0,52.0,9.0,2.0,6.6120026316
ARG,03200234,ARG01,0320100,03201,,,,,,3.8314015152
ARG,03200235,ARG17,0320000,03200,2.0,50.0,50.0,9.0,1.0,82.779543239
ARG,03200236,ARG08,0320200,03202,3.0,43.0,57.0,9.0,2.0,10.858871429
ARG,03200237,ARG05,0320000,03200,2.0,31.0,69.0,1.0,1.0,219.08558553
ARG,03200238,ARG14,0320000,03200,3.0,24.0,76.0,9.0,2.0,43.589208974
ARG,03200239,ARG05,0320000,03200,4.0,53.0,47.0,2.0,1.0,67.263118366
ARG,03200240,ARG08,0320200,03202,1.0,53.0,47.0,6.0,2.0,21.717742857
ARG,03200241,ARG19,0320300,03203,,,,,,3.7670302752
ARG,03200242,ARG19,0320300,03203,3.0,73.0,27.0,4.0,1.0,3.6018096491
ARG,03200243,ARG15,0320000,03200,3.0,71.0,29.0,4.0,1.0,363.72285714
ARG,03200244,ARG13,0320000,03200,3.0,51.0,49.0,9.0,1.0,39.058196868
ARG,03200245,ARG14,0320000,03200,3.0,43.0,57.0,5.0,2.0,73.912136957
ARG,03200246,ARG17,0320000,03200,4.0,42.0,58.0,9.0,1.0,34.191550468
ARG,03200247,ARG02,0320100,03201,,,,,,8.6640034483
ARG,03200248,ARG11,0320000,03200,1.0,52.0,48.0,9.0,1.0,83.824488571
ARG,03200249,ARG08,0320200,03202,,,,,,19.490282051
ARG,03200250,ARG01,0320100,03201,5.0,56.0,44.0,9.0,1.0,3.3716333333
ARG,03200251,ARG13,0320000,03200,5.0,63.0,38.0,4.0,1.0,43.808518109
ARG,03200252,ARG13,0320000,03200,1.0,59.0,41.0,9.0,1.0,35.237286305
ARG,03200253,ARG19,0320300,03203,,,,,,6.9594288136
ARG,03200254,ARG12,0320000,03200,3.0,40.0,60.0,,2.0,79.044642857
ARG,03200255,ARG13,0320000,03200,2.0,44.0,56.0,9.0,1.0,50.653599063
ARG,03200256,ARG08,0320200,03202,2.0,42.0,58.0,9.0,1.0,8.173344086
ARG,03200257,ARG07,0320200,03202,2.0,81.0,19.0,3.0,1.0,17.193783333
ARG,03200258,ARG03,0320000,03200,3.0,47.0,53.0,9.0,1.0,62.092717445
ARG,03200259,ARG19,0320300,03203,,,,,,2.566289375
ARG,03200260,ARG05,0320000,03200,,,,,,37.960373731
ARG,03200261,ARG05,0320000,03200,1.0,48.0,52.0,1.0,1.0,219.08558553
ARG,03200262,ARG08,0320200,03202,3.0,46.0,54.0,6.0,2.0,11.345089552
ARG,03200263,ARG14,0320000,03200,3.0,38.0,62.0,3.0,2.0,97.141665714
ARG,03200264,ARG08,0320200,03202,4.0,38.0,62.0,4.0,2.0,14.076314815
ARG,03200265,ARG15,0320000,03200,1.0,55.0,45.0,1.0,1.0,181.86142857
ARG,03200266,ARG01,0320100,03201,5.0,47.0,53.0,9.0,1.0,4.9582843137
ARG,03200267,ARG20,0320300,03203,3.0,37.0,63.0,5.0,2.0,11.775
ARG,03200268,ARG03,0320000,03200,4.0,53.0,47.0,9.0,1.0,55.669332882
ARG,03200269,ARG02,0320100,03201,,,,,,7.3898852941
ARG,03200270,ARG02,0320100,03201,5.0,54.0,46.0,7.0,2.0,14.357491429
ARG,03200271,ARG07,0320200,03202,5.0,52.0,48.0,9.0,1.0,10.761325256
ARG,03200272,ARG04,0320000,03200,5.0,52.0,48.0,9.0,2.0,60.055237676
ARG,03200273,ARG03,0320000,03200,4.0,42.0,58.0,3.0,1.0,92.252037347
ARG,03200274,ARG12,0320000,03200,3.0,47.0,53.0,9.0,2.0,79.044642857
ARG,03200275,ARG11,0320000,03200,4.0,54.0,46.0,9.0,1.0,51.414633213
ARG,03200276,ARG20,0320300,03203,3.0,50.0,50.0,3.0,2.0,11.775
ARG,03200277,ARG08,0320200,03202,2.0,52.0,48.0,4.0,1.0,10.271905405
ARG,03200278,ARG10,0320000,03200,5.0,50.0,50.0,9.0,2.0,28.488043478
ARG,03200279,ARG07,0320200,03202,2.0,57.0,43.0,9.0,1.0,6.2794686957
ARG,03200280,ARG07,0320200,03202,4.0,50.0,50.0,5.0,1.0,8.3969639535
ARG,03200281,ARG02,0320100,03201,5.0,46.0,54.0,9.0,2.0,2.8390519774
ARG,03200282,ARG01,0320100,03201,5.0,52.0,48.0,3.0,1.0,9.0311607143
ARG,03200283,ARG13,0320000,03200,4.0,72.0,28.0,6.0,1.0,20.648600892
ARG,03200284,ARG18,0320000,03200,4.0,42.0,58.0,9.0,2.0,53.968112245
ARG,03200285,ARG08,0320200,03202,,,,,,6.4967606838
ARG,03200286,ARG17,0320000,03200,4.0,42.0,58.0,5.0,1.0,18.395454053
ARG,03200287,ARG06,0320000,03200,2.0,55.0,45.0,9.0,2.0,127.35923054
ARG,03200288,ARG01,0320100,03201,5.0,75.0,25.0,5.0,1.0,5.3802659574
ARG,03200289,ARG06,0320000,03200,4.0,40.0,60.0,9.0,2.0,127.35923054
ARG,03200290,ARG19,0320300,03203,,,,,,3.311341129
ARG,03200291,ARG03,0320000,03200,2.0,48.0,52.0,9.0,1.0,71.751584603
ARG,03200292,ARG13,0320000,03200,5.0,45.0,55.0,9.0,1.0,70.47457261
ARG,03200293,ARG08,0320200,03202,5.0,48.0,52.0,7.0,2.0,6.0327063492
ARG,03200294,ARG20,0320300,03203,3.0,41.0,59.0,5.0,2.0,11.775
ARG,03200295,ARG13,0320000,03200,5.0,42.0,58.0,6.0,1.0,14.094914522
ARG,03200296,ARG03,0320000,03200,3.0,63.0,38.0,9.0,1.0,10.945156973
ARG,03200297,ARG03,0320000,03200,4.0,49.0,51.0,9.0,1.0,87.265440734
ARG,03200298,ARG19,0320300,03203,3.0,43.0,57.0,4.0,1.0,6.0383279412
ARG,03200299,ARG19,0320300,03203,2.0,47.0,53.0,,1.0,3.2587801587
ARG,03200300,ARG04,0320000,03200,4.0,50.0,50.0,9.0,2.0,27.024856954
ARG,03200301,ARG15,0320000,03200,4.0,50.0,50.0,9.0,2.0,45.465357143
ARG,03200302,ARG07,0320200,03202,3.0,59.0,41.0,4.0,1.0,11.109829231
ARG,03200303,ARG07,0320200,03202,,,,,,24.12113372
ARG,03200304,ARG08,0320200,03202,5.0,48.0,52.0,6.0,2.0,6.8479369369
ARG,03200305,ARG19,0320300,03203,5.0,36.0,64.0,5.0,1.0,3.7327845455
ARG,03200306,ARG11,0320000,03200,3.0,53.0,47.0,2.0,1.0,167.64897714
ARG,03200307,ARG09,0320000,03200,2.0,57.0,43.0,4.0,1.0,79.972931429
ARG,03200308,ARG04,0320000,03200,3.0,47.0,53.0,9.0,2.0,35.249813419
ARG,03200309,ARG03,0320000,03200,3.0,56.0,44.0,9.0,1.0,27.362892434
ARG,03200310,ARG07,0320200,03202,4.0,47.0,53.0,1.0,1.0,7.7964703388
ARG,03200311,ARG15,0320000,03200,4.0,45.0,55.0,9.0,1.0,31.82575
ARG,03200312,ARG01,0320100,03201,5.0,52.0,48.0,9.0,1.0,1.2395710784
ARG,03200313,ARG07,0320200,03202,3.0,50.0,50.0,9.0,1.0,7.221389
ARG,03200314,ARG07,0320200,03202,6.0,49.0,51.0,4.0,1.0,21.830116949
ARG,03200315,ARG19,0320300,03203,1.0,53.0,47.0,3.0,1.0,11.731608571
ARG,03200316,ARG19,0320300,03203,,,,,,3.3656254098
ARG,03200317,ARG01,0320100,03201,5.0,18.0,82.0,9.0,1.0,6.0207738095
ARG,03200318,ARG19,0320300,03203,,,,,,8.212126
ARG,03200319,ARG14,0320000,03200,4.0,52.0,48.0,8.0,2.0,66.66584902
ARG,03200320,ARG01,0320100,03201,5.0,42.0,58.0,3.0,1.0,3.8903461538
ARG,03200321,ARG10,0320000,03200,3.0,45.0,55.0,9.0,2.0,50.401923077
ARG,03200322,ARG08,0320200,03202,5.0,46.0,54.0,7.0,2.0,3.7079073171
ARG,03200323,ARG08,0320200,03202,4.0,54.0,46.0,5.0,2.0,6.6097478261
ARG,03200324,ARG07,0320200,03202,1.0,45.0,55.0,4.0,1.0,20.63254
ARG,03200325,ARG03,0320000,03200,2.0,48.0,52.0,9.0,1.0,52.931496839
ARG,03200326,ARG03,0320000,03200,4.0,53.0,47.0,6.0,1.0,92.252037347
ARG,03200327,ARG02,0320100,03201,6.0,41.0,59.0,9.0,2.0,13.958672222
ARG,03200328,ARG19,0320300,03203,4.0,44.0,56.0,9.0,1.0,2.022691133
ARG,03200329,ARG16,0320000,03200,4.0,46.0,54.0,4.0,2.0,33.470238095
ARG,03200330,ARG05,0320000,03200,1.0,53.0,47.0,3.0,1.0,109.54279277
ARG,03200331,ARG17,0320000,03200,3.0,70.0,30.0,9.0,1.0,37.447888608
ARG,03200332,ARG19,0320300,03203,,,,,,5.7831873239
ARG,03200333,ARG08,0320200,03202,5.0,50.0,50.0,5.0,2.0,12.260016129
ARG,03200334,ARG05,0320000,03200,3.0,71.0,29.0,5.0,1.0,20.612891112
ARG,03200335,ARG19,0320300,03203,2.0,58.0,42.0,5.0,1.0,11.731608571
ARG,03200336,ARG07,0320200,03202,3.0,48.0,52.0,9.0,1.0,4.599610828
ARG,03200337,ARG02,0320100,03201,5.0,53.0,47.0,9.0,2.0,11.686330233
ARG,03200338,ARG04,0320000,03200,4.0,44.0,56.0,6.0,2.0,92.656652414
ARG,03200339,ARG03,0320000,03200,4.0,49.0,51.0,9.0,1.0,33.987592707
ARG,03200340,ARG17,0320000,03200,2.0,45.0,55.0,9.0,1.0,49.930518144
ARG,03200341,ARG11,0320000,03200,1.0,38.0,62.0,9.0,1.0,68.229234884
ARG,03200342,ARG19,0320300,03203,4.0,30.0,70.0,9.0,1.0,2.1725201058
ARG,03200343,ARG11,0320000,03200,4.0,37.0,63.0,9.0,1.0,18.106892566
ARG,03200344,ARG11,0320000,03200,3.0,49.0,51.0,9.0,1.0,38.207204498
ARG,03200345,ARG01,0320100,03201,6.0,87.0,13.0,9.0,1.0,3.2213057325
ARG,03200346,ARG09,0320000,03200,2.0,,,9.0,1.0,69.976315
ARG,03200347,ARG02,0320100,03201,,,,,,7.976384127
ARG,03200348,ARG02,0320100,03201,5.0,38.0,63.0,8.0,2.0,14.357491429
ARG,03200349,ARG02,0320100,03201,6.0,49.0,51.0,4.0,2.0,8.1050354839
ARG,03200350,ARG20,0320300,03203,,,,,,6.86875
ARG,03200351,ARG13,0320000,03200,3.0,51.0,49.0,8.0,1.0,26.572379837
ARG,03200352,ARG19,0320300,03203,,,,,,6.5175603175
ARG,03200353,ARG07,0320200,03202,5.0,59.0,41.0,9.0,1.0,8.9888716847
ARG,03200354,ARG02,0320100,03201,,,,,,3.6949426471
ARG,03200355,ARG02,0320100,03201,5.0,44.0,56.0,9.0,2.0,2.8714982857
ARG,03200356,ARG01,0320100,03201,,,,,,4.0138492063
ARG,03200357,ARG02,0320100,03201,5.0,40.0,60.0,4.0,2.0,9.8531803922
ARG,03200358,ARG03,0320000,03200,,,,,,19.6879348
ARG,03200359,ARG19,0320300,03203,2.0,57.0,43.0,5.0,1.0,4.8306623529
ARG,03200360,ARG02,0320100,03201,5.0,58.0,42.0,9.0,2.0,1.0
ARG,03200361,ARG09,0320000,03200,5.0,63.0,37.0,5.0,1.0,12.7810621
ARG,03200362,ARG07,0320200,03202,2.0,69.0,31.0,6.0,1.0,12.8953375
ARG,03200363,ARG07,0320200,03202,1.0,48.0,52.0,4.0,1.0,20.63254
ARG,03200364,ARG13,0320000,03200,4.0,44.0,56.0,9.0,1.0,8.6218892023
ARG,03200365,ARG03,0320000,03200,4.0,47.0,53.0,9.0,1.0,23.397255849
ARG,03200366,ARG04,0320000,03200,4.0,42.0,58.0,9.0,2.0,46.328326207
ARG,03200367,ARG01,0320100,03201,5.0,69.0,31.0,5.0,1.0,1.9451730769
ARG,03200368,ARG07,0320200,03202,5.0,28.0,72.0,5.0,1.0,13.643823093
ARG,03200369,ARG07,0320200,03202,2.0,53.0,47.0,5.0,1.0,20.63254
ARG,03200370,ARG08,0320200,03202,5.0,43.0,57.0,5.0,2.0,21.717742857
ARG,03200371,ARG17,0320000,03200,6.0,40.0,60.0,9.0,1.0,24.197097255
ARG,03200372,ARG19,0320300,03203,,,,,,4.0654089109
ARG,03200373,ARG19,0320300,03203,1.0,43.0,57.0,9.0,1.0,23.463217143
ARG,03200374,ARG13,0320000,03200,5.0,47.0,53.0,4.0,1.0,29.205678739
ARG,03200375,ARG07,0320200,03202,1.0,58.0,42.0,2.0,1.0,48.24226744
ARG,03200376,ARG07,0320200,03202,1.0,50.0,50.0,1.0,1.0,41.26508
ARG,03200377,ARG07,0320200,03202,5.0,49.0,51.0,9.0,1.0,3.7090004524
ARG,03200378,ARG20,0320300,03203,4.0,47.0,53.0,9.0,2.0,5.6455479452
ARG,03200379,ARG07,0320200,03202,1.0,45.0,55.0,2.0,1.0,20.63254
ARG,03200380,ARG11,0320000,03200,3.0,53.0,47.0,9.0,1.0,118.98815115
ARG,03200381,ARG06,0320000,03200,4.0,49.0,51.0,7.0,2.0,114.29674536
ARG,03200382,ARG17,0320000,03200,4.0,56.0,44.0,9.0,1.0,31.456226431
ARG,03200383,ARG07,0320200,03202,2.0,43.0,57.0,9.0,1.0,20.106686663
ARG,03200384,ARG01,0320100,03201,5.0,48.0,52.0,3.0,1.0,3.5121180556
ARG,03200385,ARG02,0320100,03201,5.0,43.0,57.0,3.0,2.0,10.25535102
ARG,03200386,ARG06,0320000,03200,4.0,100.0,0.0,3.0,2.0,127.35923054
ARG,03200387,ARG20,0320300,03203,1.0,47.0,53.0,4.0,2.0,7.9254807692
ARG,03200388,ARG05,0320000,03200,3.0,46.0,54.0,4.0,1.0,109.54279277
ARG,03200389,ARG19,0320300,03203,,,,,,5.7028652778
ARG,03200390,ARG07,0320200,03202,3.0,87.0,13.0,3.0,1.0,4.8793168919
ARG,03200391,ARG08,0320200,03202,2.0,44.0,56.0,6.0,2.0,10.557236111
ARG,03200392,ARG07,0320200,03202,2.0,48.0,52.0,9.0,1.0,10.941498485
ARG,03200393,ARG13,0320000,03200,4.0,54.0,46.0,9.0,1.0,17.335991123
ARG,03200394,ARG01,0320100,03201,6.0,46.0,54.0,9.0,1.0,6.1676219512
ARG,03200395,ARG15,0320000,03200,4.0,52.0,48.0,9.0,1.0,25.665927419
ARG,03200396,ARG04,0320000,03200,4.0,40.0,60.0,9.0,2.0,49.136103553
ARG,03200397,ARG08,0320200,03202,1.0,46.0,54.0,2.0,2.0,21.717742857
ARG,03200398,ARG08,0320200,03202,5.0,48.0,52.0,5.0,2.0,11.516984848
ARG,03200399,ARG04,0320000,03200,3.0,54.0,46.0,9.0,2.0,75.418205454
ARG,03200400,ARG13,0320000,03200,4.0,36.0,64.0,9.0,1.0,16.128509155
ARG,03200401,ARG19,0320300,03203,,,,,,3.4797144068
ARG,03200402,ARG07,0320200,03202,5.0,49.0,51.0,6.0,1.0,7.208057483
ARG,03200403,ARG19,0320300,03203,4.0,88.0,12.0,5.0,1.0,2.3598063218
ARG,03200404,ARG04,0320000,03200,3.0,43.0,57.0,5.0,2.0,92.656652414
ARG,03200405,ARG04,0320000,03200,4.0,56.0,44.0,3.0,2.0,92.656652414
ARG,03200406,ARG20,0320300,03203,2.0,38.0,63.0,9.0,2.0,5.6455479452
ARG,03200407,ARG19,0320300,03203,2.0,71.0,29.0,1.0,1.0,2.2685430939
ARG,03200408,ARG05,0320000,03200,3.0,34.0,66.0,5.0,1.0,31.685931792
ARG,03200409,ARG02,0320100,03201,5.0,33.0,67.0,9.0,2.0,14.357491429
ARG,03200410,ARG05,0320000,03200,3.0,66.0,34.0,9.0,1.0,25.058808803
ARG,03200411,ARG03,0320000,03200,3.0,53.0,47.0,4.0,1.0,44.844740377
ARG,03200412,ARG12,0320000,03200,4.0,52.0,48.0,9.0,2.0,29.747983871
